{"precision": 0.9375, "accuracy": 0.9061224489795918, "recall": 0.9424083769633508, "f1_score": 0.9399477806788512}