{"precision": 0.9470899470899471, "accuracy": 0.9102040816326531, "recall": 0.93717277486911, "f1_score": 0.9421052631578948}