{"precision": 0.9572192513368984, "accuracy": 0.9183673469387755, "recall": 0.93717277486911, "f1_score": 0.9470899470899472}