{"precision": 0.9427083333333334, "accuracy": 0.9142857142857143, "recall": 0.9476439790575916, "f1_score": 0.9451697127937336}