{"precision": 0.9424083769633508, "accuracy": 0.9102040816326531, "recall": 0.9424083769633508, "f1_score": 0.9424083769633508}